kmer,importance
CGA,-1.15570317
TTT,1.12830851
AAA,1.12730292
TCG,-0.86484490
GTA,-0.72167627
CGT,-0.70794627
GAT,-0.69288546
GAC,-0.58551888
TAC,-0.55979288
GCA,-0.54556836
CTA,-0.53418103
CTG,0.52761207
GCG,0.49814114
AGA,0.49673382
ACG,-0.48324066
GGT,-0.46318049
GTC,-0.45035575
CAG,0.44694168
CGC,0.42940567
TCT,0.39401334
ATC,-0.38984081
CTC,0.38229152
CAT,-0.37103662
TCC,0.36970704
TGC,-0.35917137
AGG,0.34950127
ACC,-0.34672085
AAG,0.32329135
ATT,0.31231083
TAG,-0.31192783
GTT,-0.29043027
CAA,-0.27972930
TAT,-0.27542947
GAG,0.23645600
CAC,-0.20985343
TTC,0.20880822
AAC,-0.20721832
ATA,-0.18950013
GCC,-0.18721570
GGG,-0.18627163
AAT,0.18614670
GGA,0.18033565
CCG,-0.17414274
AGC,0.13393342
TTA,-0.13214450
GCT,-0.10216719
AGT,0.09547769
TGG,0.09472078
CCA,-0.08184044
ATG,-0.08027124
GGC,0.07222918
CCC,0.06935826
ACA,0.06720481
TCA,-0.06455404
CTT,0.05691215
TGT,-0.05493882
GTG,0.04810976
TTG,0.03968907
TGA,-0.03812375
CCT,0.03359267
GAA,0.03286898
TAA,-0.02707546
CGG,-0.01824898
ACT,0.01028449
