kmer,importance
ACG,0.09187917
CGA,0.07756067
CGT,0.07605153
TAC,0.06147850
TCG,0.05808927
GTA,0.04937379
GCG,0.02818648
CCG,0.02689879
CGG,0.02539744
CGC,0.02428349
AAA,0.02353546
TTT,0.02253656
ACC,0.02075494
GGC,0.02007177
ATC,0.01931904
CTA,0.01736981
TAT,0.01675701
GAC,0.01660521
TAG,0.01606535
GAG,0.01553837
GAT,0.01497320
ATG,0.01416854
CAT,0.01387073
ATA,0.01357658
CTC,0.01249662
GCC,0.01151245
GTC,0.01106617
TTC,0.00957903
TCC,0.00950834
GGA,0.00914217
GAA,0.00884241
CCC,0.00873091
GGG,0.00860526
AAG,0.00860015
AGG,0.00804589
CAG,0.00769046
GGT,0.00736609
TCT,0.00734377
CAC,0.00713431
AGA,0.00637740
CCT,0.00633122
CTG,0.00606239
CTT,0.00602950
GTG,0.00430333
AGC,0.00427221
ACA,0.00423722
AAC,0.00412314
GCT,0.00394334
AAT,0.00380567
TTA,0.00378564
GCA,0.00370770
TGT,0.00368410
TGC,0.00367296
CAA,0.00367027
ATT,0.00355705
TAA,0.00354166
TGG,0.00345305
GTT,0.00338408
TTG,0.00330521
CCA,0.00329606
ACT,0.00303928
TCA,0.00298038
AGT,0.00275178
TGA,0.00267963
